<?xml version="1.0" encoding="UTF-8"?>

<document xmlns="http://maven.apache.org/XDOC/2.0"
  xmlns:xsi="http://www.w3.org/2001/XMLSchema-instance"
  xsi:schemaLocation="http://maven.apache.org/XDOC/2.0 http://maven.apache.org/xsd/xdoc-2.0.xsd">

  <properties>
    <title>Style Configurations</title>
    <author>Checkstyle Development Team</author>
  </properties>

  <head>
    <title>Style Configurations</title>
    <script type="text/javascript" src="https://ajax.googleapis.com/ajax/libs/jquery/2.1.3/jquery.min.js"/>
    <script type="text/javascript" src="js/anchors.js"/>
    <script type="text/javascript" src="js/google-analytics.js"/>
    <link rel="icon" href="images/favicon.png" type="image/x-icon" />
    <link rel="shortcut icon" href="images/favicon.ico" type="image/ico" />
  </head>

  <body>
    <section name="Style Configurations">
      <p>
        This section contains tables to display coverage Java styles by Checkstyle.
      </p>

      <ul>
        <li><a href="google_style.html">Google's style</a>;</li>
        <li><a href="sun_style.html">Sun's style</a>.</li>
      </ul>
    </section>
  </body>
</document>

