<?xml version="1.0" encoding="UTF-8"?>

<document xmlns="http://maven.apache.org/XDOC/2.0"
  xmlns:xsi="http://www.w3.org/2001/XMLSchema-instance"
  xsi:schemaLocation="http://maven.apache.org/XDOC/2.0 http://maven.apache.org/xsd/xdoc-2.0.xsd">

  <head>
    <title>Imports</title>
    <script type="text/javascript" src="https://ajax.googleapis.com/ajax/libs/jquery/2.1.3/jquery.min.js"/>
    <script type="text/javascript" src="js/anchors.js"/>
    <script type="text/javascript" src="js/google-analytics.js"/>
    <link rel="icon" href="images/favicon.png" type="image/x-icon" />
    <link rel="shortcut icon" href="images/favicon.ico" type="image/ico" />
  </head>

  <body>
    <section name="Content">
      <macro name="toc">
        <param name="fromDepth" value="1"/>
        <param name="toDepth" value="1"/>
      </macro>
    </section>

    <section name="AvoidStarImport">
      <subsection name="Description">
        <p>
          Checks that there are no import statements that use the * notation.
        </p>

        <p>
          Rationale: Importing all classes from a package or static
          members from a class leads to tight coupling between packages
          or classes and might lead to problems when a new version of a
          library introduces name clashes.
        </p>
      </subsection>

      <subsection name="Properties">
        <table>
          <tr>
            <th>name</th>
            <th>description</th>
            <th>type</th>
            <th>default value</th>
          </tr>
          <tr>
            <td>excludes</td>
            <td>
              packages where star imports are allowed. Note that this property
              is not recursive, subpackages of excluded packages are not
              automatically excluded.
            </td>
            <td><a href="property_types.html#stringSet">list of strings</a></td>
            <td><code>empty list</code></td>
          </tr>
          <tr>
            <td>allowClassImports</td>
            <td>
              whether to allow starred class imports like
              <code>import java.util.*;</code>.
            </td>
            <td><a href="property_types.html#boolean">Boolean</a></td>
            <td><code>false</code></td>
          </tr>
          <tr>
            <td>allowStaticMemberImports</td>
            <td>
              whether to allow starred static member imports like
              <code>import static org.junit.Assert.*;</code>
            </td>
            <td><a href="property_types.html#boolean">Boolean</a></td>
            <td><code>false</code></td>
          </tr>
        </table>
      </subsection>

      <subsection name="Examples">
        <p>
          An example how to configure the check so that star imports from
          packages java.io and java.net as well as static members from class
          from java.lang.Math are allowed:
        </p>

        <source>
&lt;module name="AvoidStarImport"&gt;
   &lt;property name="excludes" value="java.io,java.net,java.lang.Math"/&gt;
   &lt;property name="allowClassImports" value="false"/&gt;
   &lt;property name="allowStaticMemberImports" value="false"/&gt;
&lt;/module&gt;
        </source>
      </subsection>

      <subsection name="Example of Usage">
        <ul>
          <li>
            <a href="https://github.com/search?q=path%3Asrc%2Fmain%2Fresources+filename%3Agoogle_checks.xml+repo%3Acheckstyle%2Fcheckstyle+AvoidStarImport">
            Google Style</a>
          </li>
          <li>
            <a href="https://github.com/search?q=path%3Asrc%2Fmain%2Fresources+filename%3Asun_checks.xml+repo%3Acheckstyle%2Fcheckstyle+AvoidStarImport">
            Sun Style</a>
          </li>
          <li>
            <a href="https://github.com/search?q=path%3Aconfig+filename%3Acheckstyle_checks.xml+repo%3Acheckstyle%2Fcheckstyle+AvoidStarImport">
            Checkstyle Style</a>
          </li>
        </ul>
      </subsection>
      <subsection name="Error Messages">
        <ul>
          <li>
            <a href="https://github.com/search?q=path%3Asrc%2Fmain%2Fresources%2Fcom%2Fpuppycrawl%2Ftools%2Fcheckstyle%2Fchecks%2Fimports+filename%3Amessages*.properties+repo%3Acheckstyle%2Fcheckstyle+%22import.avoidStar%22">
            import.avoidStar</a>
          </li>
        </ul>
        <p>
          All messages can be customized if the default message doesn't suite you.
          Please <a href="config.html#Custom_messages">see the documentation</a> to learn how to.
        </p>
      </subsection>
      <subsection name="Package">
        <p> com.puppycrawl.tools.checkstyle.checks.imports </p>
      </subsection>

      <subsection name="Parent Module">
        <p>
          <a href="config.html#TreeWalker">TreeWalker</a>
        </p>
      </subsection>
    </section>

    <section name="AvoidStaticImport">
      <subsection name="Description">
        <p>
          Checks that there are no static import statements.
        </p>

        <p>
          Rationale: Importing static members can lead to naming
          conflicts between class' members. It may lead to poor code
          readability since it may no longer be clear what class a
          member resides in (without looking at the import statement).
        </p>
      </subsection>

      <subsection name="Properties">
        <table>
          <tr>
            <th>name</th>
            <th>description</th>
            <th>type</th>
            <th>default value</th>
          </tr>
          <tr>
            <td>excludes</td>
            <td>
              Allows for certain classes via a star notation to be
              excluded such as <code>java.lang.Math.*</code> or specific static
              members to be excluded like <code>java.lang.System.out</code> for a variable or
              <code>java.lang.Math.random</code> for a
              method.
              <br/>
              If you exclude a starred import on a class this automatically
              excludes each member individually.
              <br/>
              For example: Excluding <code>java.lang.Math.*</code>. will allow the
              import of each static member in the Math class
              individually like <code>java.lang.Math.PI</code>.
            </td>
            <td><a href="property_types.html#stringSet">list of strings</a></td>
            <td><code>empty list</code></td>
          </tr>
        </table>
      </subsection>

      <subsection name="Examples">
        <p>
          An example of how to configure the check so that the <code>java.lang.System.out</code> member and all
          members from <code>java.lang.Math</code> are
          allowed:
        </p>

        <source>
         &lt;module name="AvoidStaticImport"&gt;
           &lt;property name="excludes" value="java.lang.System.out,java.lang.Math.*"/&gt;
         &lt;/module&gt;
        </source>
      </subsection>

      <subsection name="Example of Usage">
        <ul>
          <li>
            <a href="https://github.com/search?q=path%3Aconfig+filename%3Acheckstyle_checks.xml+repo%3Acheckstyle%2Fcheckstyle+AvoidStaticImport">
            Checkstyle Style</a>
          </li>
        </ul>
      </subsection>

      <subsection name="Error Messages">
        <ul>
          <li>
            <a href="https://github.com/search?q=path%3Asrc%2Fmain%2Fresources%2Fcom%2Fpuppycrawl%2Ftools%2Fcheckstyle%2Fchecks%2Fimports+filename%3Amessages*.properties+repo%3Acheckstyle%2Fcheckstyle+%22import.avoidStatic%22">
            import.avoidStatic</a>
          </li>
        </ul>
        <p>
          All messages can be customized if the default message doesn't suite you.
          Please <a href="config.html#Custom_messages">see the documentation</a> to learn how to.
        </p>
      </subsection>

      <subsection name="Package">
        <p> com.puppycrawl.tools.checkstyle.checks.imports </p>
      </subsection>

      <subsection name="Parent Module">
        <p>
          <a href="config.html#TreeWalker">TreeWalker</a>
        </p>
      </subsection>
    </section>

    <section name="CustomImportOrder">
      <subsection name="Description">
        <p>
          Checks that the groups of import declarations appear in the order specified
          by the user. If there is an import but its group is not specified in the
          configuration such an import should be placed at the end of the import list.
        </p>
        <p>
          <a href="#CustomImportOrder_Example">Examples section</a> contains examples that
          work with default formatter configurations of Eclipse, IntelliJ IDEA and NetBeans
        </p>
      </subsection>

      <subsection name="Rule Description">
        <p>
          The rule consists of:
        </p>
        <p>
         1) STATIC group. This group sets the ordering of static imports.
        </p>
        <p>
          2) SAME_PACKAGE(n) group. This group sets the ordering of the same package imports.
          Imports are considered on SAME_PACKAGE group if <b>n</b> first domains in package name and import name are identical. For example:
        </p>
        <source>
package java.util.concurrent.locks;
import java.io.File;
import java.util.*; //#1
import java.util.List; //#2
import java.util.StringTokenizer; //#3
import java.util.concurrent.*; //#4
import java.util.concurrent.AbstractExecutorService; //#5
import java.util.concurrent.locks.LockSupport; //#6
import java.util.regex.Pattern; //#7
import java.util.regex.Matcher; //#8
        </source>
        <p>
          If we have SAME_PACKAGE(3) on configuration file, imports #4-6 will be considered as a SAME_PACKAGE group (java.util.concurrent.*, java.util.concurrent.AbstractExecutorService, java.util.concurrent.locks.LockSupport). SAME_PACKAGE(2) will include #1-8. SAME_PACKAGE(4) will include only #6. SAME_PACKAGE(5) will result in no imports assigned to SAME_PACKAGE group because actual package java.util.concurrent.locks has only 4 domains.
        </p>
        <p>
          3) THIRD_PARTY_PACKAGE group. This group sets ordering of third party imports.
          Third party imports are all imports except STATIC,
          SAME_PACKAGE(n), STANDARD_JAVA_PACKAGE and SPECIAL_IMPORTS.
        </p>
        <p>
          4) STANDARD_JAVA_PACKAGE group. This group sets ordering of standard java/javax imports.
        </p>
        <p>
          5) SPECIAL_IMPORTS group. This group may contains some imports
          that have particular meaning for the user.
        </p>
      </subsection>

      <subsection name="Notes">
        <p>
          Use the separator '###' between rules.
        </p>
        <p>
          To set RegExps for THIRD_PARTY_PACKAGE and STANDARD_JAVA_PACKAGE groups use
          thirdPartyPackageRegExp and standardPackageRegExp options.
        </p>
        <p>
          Pretty often one import can match more than one group. For example, static import from standard
          package or regular expressions are configured to allow one import match multiple groups.
          In this case, group will be assigned according to priorities:
        </p>
        <ol>
          <li>STATIC has top priority</li>
          <li>SAME_PACKAGE has second priority</li>
          <li>STANDARD_JAVA_PACKAGE and SPECIAL_IMPORTS will compete using "best match" rule: longer
          matching substring wins; in case of the same length, lower position of matching substring
          wins; if position is the same, order of rules in configuration solves the puzzle.</li>
          <li>THIRD_PARTY has the least priority</li>
        </ol>
        <p>
          Few examples to illustrate "best match":
        </p>
        <p>
          1. patterns STANDARD_JAVA_PACKAGE = "Check", SPECIAL_IMPORTS="ImportOrderCheck" and input file:
        </p>
        <source>
import com.puppycrawl.tools.checkstyle.checks.imports.CustomImportOrderCheck;
import com.puppycrawl.tools.checkstyle.checks.imports.ImportOrderCheck;
        </source>
        <p>
          Result: imports will be assigned to SPECIAL_IMPORTS, because matching substring length is 16. Matching
          substring for STANDARD_JAVA_PACKAGE is 5.
        </p>
        <p>
          2. patterns STANDARD_JAVA_PACKAGE = "Check", SPECIAL_IMPORTS="Avoid" and file:
        </p>
        <source>
import com.puppycrawl.tools.checkstyle.checks.imports.AvoidStarImportCheck;
        </source>
        <p>
          Result: import will be assigned to SPECIAL_IMPORTS. Matching substring length is 5 for both
          patterns. However, "Avoid" position is lower then "Check" position.
        </p>

    </subsection>

      <subsection name="Properties">
        <table>
          <tr>
            <th>name</th>
            <th>description</th>
            <th>type</th>
            <th>default value</th>
          </tr>
          <tr>
            <td>customImportOrderRules</td>
            <td>List of order declaration customizing by user.</td>
            <td><a href="property_types.html#string">string</a></td>
            <td><code>null</code></td>
          </tr>
          <tr>
            <td>standardPackageRegExp</td>
            <td>RegExp for STANDARD_JAVA_PACKAGE group imports.</td>
            <td><a href="property_types.html#regexp">regular expression</a></td>
            <td><code>^(java|javax)\.</code></td>
          </tr>
          <tr>
            <td>thirdPartyPackageRegExp</td>
            <td>RegExp for THIRDPARTY_PACKAGE group imports.</td>
            <td><a href="property_types.html#regexp">regular expression</a></td>
            <td><code>.*</code></td>
          </tr>
          <tr>
            <td>specialImportsRegExp</td>
            <td>RegExp for SPECIAL_IMPORTS group imports.</td>
            <td><a href="property_types.html#regexp">regular expression</a></td>
            <td><code>^$</code></td>
          </tr>
          <tr>
            <td>separateLineBetweenGroups</td>
            <td>Force empty line separator between import groups.</td>
            <td><a href="property_types.html#boolean">boolean</a></td>
            <td><code>true</code></td>
          </tr>
          <tr>
            <td>sortImportsInGroupAlphabetically</td>
            <td>Force grouping alphabetically, in
                <a href="https://en.wikipedia.org/wiki/ASCII#Order">
                   ASCII sort order</a>.</td>
            <td><a href="property_types.html#boolean">boolean</a></td>
            <td><code>false</code></td>
          </tr>
        </table>
      </subsection>

      <subsection name="Examples" id="CustomImportOrder_Example">
        <p>To configure the check so that it matches default Eclipse formatter configuration
           (tested on Kepler and Luna releases):</p>
        <ul>
          <li>group of static imports is on the top</li>
          <li>groups of non-static imports: &quot;java&quot; and &quot;javax&quot; packages first,
              then &quot;org&quot; and then all other imports</li>
          <li>imports will be sorted in the groups</li>
          <li>groups are separated by, at least, one blank line</li>
        </ul>
        <p>Notes:</p>
        <ul>
          <li>&quot;com&quot; package is not mentioned on configuration, because it is
              ignored by Eclipse Kepler and Luna (looks like Eclipse defect)</li>
          <li>configuration below doesn't work in all 100% cases due to inconsistent behavior
              prior to Mars release, but covers most scenarios</li>
        </ul>
        <source>
&lt;module name=&quot;CustomImportOrder&quot;&gt;
    &lt;property name=&quot;customImportOrderRules&quot;
        value=&quot;STATIC###STANDARD_JAVA_PACKAGE###SPECIAL_IMPORTS&quot;/&gt;
    &lt;property name=&quot;specialImportsRegExp&quot; value=&quot;org&quot;/&gt;
    &lt;property name=&quot;sortImportsInGroupAlphabetically&quot; value=&quot;true&quot;/&gt;
    &lt;property name=&quot;separateLineBetweenGroups&quot; value=&quot;true&quot;/&gt;
&lt;/module&gt;
        </source>

        <p>To configure the check so that it matches default Eclipse formatter configuration
           (tested on Mars release):</p>
        <ul>
          <li>group of static imports is on the top</li>
          <li>groups of non-static imports: &quot;java&quot; and &quot;javax&quot; packages first,
              then &quot;org&quot; and &quot;com&quot;, then all other imports as one group</li>
          <li>imports will be sorted in the groups</li>
          <li>groups are separated by, at least, one blank line</li>
        </ul>
        <source>
&lt;module name=&quot;CustomImportOrder&quot;&gt;
    &lt;property name=&quot;customImportOrderRules&quot;
        value=&quot;STATIC###STANDARD_JAVA_PACKAGE###SPECIAL_IMPORTS###THIRD_PARTY_PACKAGE&quot;/&gt;
    &lt;property name=&quot;specialImportsRegExp&quot; value=&quot;org&quot;/&gt;
    &lt;property name=&quot;thirdPartyPackageRegExp&quot; value=&quot;com&quot;/&gt;
    &lt;property name=&quot;sortImportsInGroupAlphabetically&quot; value=&quot;true&quot;/&gt;
    &lt;property name=&quot;separateLineBetweenGroups&quot; value=&quot;true&quot;/&gt;
&lt;/module&gt;
        </source>

        <p>To configure the check so that it matches default IntelliJ IDEA formatter configuration
           (tested on v14):</p>
        <ul>
          <li>group of static imports is on the bottom</li>
          <li>groups of non-static imports: all imports except of &quot;javax&quot; and
              &quot;java&quot;, then &quot;javax&quot; and &quot;java&quot;</li>
          <li>imports will be sorted in the groups</li>
          <li>groups are separated by, at least, one blank line</li>
        </ul>

        <p>
        Note: &quot;separated&quot; option is disabled because IDEA default has blank line
        between &quot;java&quot; and static imports, and no blank line between
        &quot;javax&quot; and &quot;java&quot;
        </p>

        <source>
&lt;module name=&quot;CustomImportOrder&quot;&gt;
    &lt;property name=&quot;customImportOrderRules&quot;
        value=&quot;THIRD_PARTY_PACKAGE###SPECIAL_IMPORTS###STANDARD_JAVA_PACKAGE###STATIC&quot;/&gt;
    &lt;property name=&quot;specialImportsRegExp&quot; value=&quot;^javax\.&quot;/&gt;
    &lt;property name=&quot;standardPackageRegExp&quot; value=&quot;^java\.&quot;/&gt;
    &lt;property name=&quot;sortImportsInGroupAlphabetically&quot; value=&quot;true&quot;/&gt;
    &lt;property name=&quot;separateLineBetweenGroups&quot; value=&quot;false&quot;/&gt;
&lt;/module&gt;
        </source>

        <p>To configure the check so that it matches default NetBeans formatter configuration
           (tested on v8):</p>
        <ul>
          <li>groups of non-static imports are not defined, all imports will be sorted as a one
              group</li>
          <li>static imports are not separated, they will be sorted along with other imports</li>
        </ul>

        <source>
&lt;module name=&quot;CustomImportOrder&quot;/&gt;
        </source>

        <p>
          To set RegExps for THIRD_PARTY_PACKAGE and STANDARD_JAVA_PACKAGE groups use
          thirdPartyPackageRegExp and standardPackageRegExp options.
        </p>
        <source>
&lt;module name=&quot;CustomImportOrder&quot;&gt;
    &lt;property name=&quot;customImportOrderRules&quot;
        value=&quot;STATIC###SAME_PACKAGE(3)###THIRD_PARTY_PACKAGE###STANDARD_JAVA_PACKAGE&quot;/&gt;
    &lt;property name=&quot;thirdPartyPackageRegExp&quot; value=&quot;com|org&quot;/&gt;
    &lt;property name=&quot;standardPackageRegExp&quot; value=&quot;^(java|javax)\.&quot;/&gt;
&lt;/module&gt;
        </source>
        <p>
          Also, this check can be configured to force empty line separator between
          import groups. For example.
        </p>
        <source>
&lt;module name=&quot;CustomImportOrder&quot;&gt;
    &lt;property name=&quot;separateLineBetweenGroups&quot; value=&quot;true&quot;/&gt;
&lt;/module&gt;
        </source>
        <p>
          It is possible to enforce <a href="https://en.wikipedia.org/wiki/ASCII#Order">
          ASCII sort order</a>
          of imports in groups using the following configuration:
        </p>
       <source>
&lt;module name=&quot;CustomImportOrder&quot;&gt;
    &lt;property name=&quot;sortImportsInGroupAlphabetically&quot; value=&quot;true&quot;/&gt;
&lt;/module&gt;
       </source>
       <p>
         Example of ASCII order:
       </p>
       <source>
import java.awt.Dialog;
import java.awt.Window;
import java.awt.color.ColorSpace;
import java.awt.Frame; // violation here - in ASCII order 'F' should go before 'c',
                       // as all uppercase come before lowercase letters
       </source>
       <p>
         To force checking imports sequence such as:
       </p>
       <source>
package com.puppycrawl.tools.checkstyle.imports;

import com.google.common.annotations.GwtCompatible;
import com.google.common.annotations.Beta;
import com.google.common.annotations.VisibleForTesting;

import org.abego.treelayout.Configuration;

import static sun.tools.util.ModifierFilter.ALL_ACCESS;

import com.google.common.annotations.GwtCompatible; // violation here - should be in the
                                                    // THIRD_PARTY_PACKAGE group
import android.*;
       </source>
       <p>
         configure as follows:
       </p>
       <source>
&lt;module name=&quot;CustomImportOrder&quot;&gt;
    &lt;property name=&quot;customImportOrderRules&quot;
    value=&quot;SAME_PACKAGE(3)###THIRD_PARTY_PACKAGE###STATIC###SPECIAL_IMPORTS&quot;/&gt;
    &lt;property name=&quot;specialImportsRegExp&quot; value=&quot;android.*&quot;/&gt;
&lt;/module&gt;
       </source>
      </subsection>

      <subsection name="Example of Usage">
        <ul>
          <li>
            <a href="https://github.com/search?q=path%3Asrc%2Fmain%2Fresources+filename%3Agoogle_checks.xml+repo%3Acheckstyle%2Fcheckstyle+CustomImportOrder">
            Google Style</a>
          </li>
          <li>
            <a href="https://github.com/search?q=path%3Aconfig+filename%3Acheckstyle_checks.xml+repo%3Acheckstyle%2Fcheckstyle+CustomImportOrder">
            Checkstyle Style</a>
          </li>
        </ul>
      </subsection>

      <subsection name="Error Messages">
        <ul>
          <li>
            <a href="https://github.com/search?q=path%3Asrc%2Fmain%2Fresources%2Fcom%2Fpuppycrawl%2Ftools%2Fcheckstyle%2Fchecks%2Fimports+filename%3Amessages*.properties+repo%3Acheckstyle%2Fcheckstyle+%22custom.import.order%22">
            custom.import.order</a>
          </li>
          <li>
            <a href="https://github.com/search?q=path%3Asrc%2Fmain%2Fresources%2Fcom%2Fpuppycrawl%2Ftools%2Fcheckstyle%2Fchecks%2Fimports+filename%3Amessages*.properties+repo%3Acheckstyle%2Fcheckstyle+%22custom.import.order.lex%22">
            custom.import.order.lex</a>
          </li>
          <li>
            <a href="https://github.com/search?q=path%3Asrc%2Fmain%2Fresources%2Fcom%2Fpuppycrawl%2Ftools%2Fcheckstyle%2Fchecks%2Fimports+filename%3Amessages*.properties+repo%3Acheckstyle%2Fcheckstyle+%22custom.import.order.line.separator%22">
            custom.import.order.line.separator</a>
          </li>
          <li>
            <a href="https://github.com/search?q=path%3Asrc%2Fmain%2Fresources%2Fcom%2Fpuppycrawl%2Ftools%2Fcheckstyle%2Fchecks%2Fimports+filename%3Amessages*.properties+repo%3Acheckstyle%2Fcheckstyle+%22custom.import.order.nonGroup.expected%22">
            custom.import.order.nonGroup.expected</a>
          </li>
          <li>
            <a href="https://github.com/search?q=path%3Asrc%2Fmain%2Fresources%2Fcom%2Fpuppycrawl%2Ftools%2Fcheckstyle%2Fchecks%2Fimports+filename%3Amessages*.properties+repo%3Acheckstyle%2Fcheckstyle+%22custom.import.order.nonGroup.import%22">
            custom.import.order.nonGroup.import</a>
          </li>
        </ul>
        <p>
          All messages can be customized if the default message doesn't suite you.
          Please <a href="config.html#Custom_messages">see the documentation</a> to learn how to.
        </p>
      </subsection>

      <subsection name="Package">
        <p>
          com.puppycrawl.tools.checkstyle.checks.imports
        </p>
      </subsection>

      <subsection name="Parent Module">
        <p>
          <a href="config.html#TreeWalker">TreeWalker</a>
        </p>
      </subsection>
    </section>

    <section name="IllegalImport">
      <subsection name="Description">
        <p>
          Checks for imports from a set of illegal packages. By default, the
          check rejects all <code>sun.*</code> packages since
          programs that contain direct calls to the <code>sun.*</code> packages are <a
          href="http://www.oracle.com/technetwork/java/faq-sun-packages-142232.html">"not guaranteed
          to work on all Java-compatible platforms"</a>. To reject other packages, set property <code> illegalPkgs</code> to a list of the illegal packages.
        </p>
      </subsection>

      <subsection name="Properties">
        <table>
          <tr>
            <th>name</th>
            <th>description</th>
            <th>type</th>
            <th>default value</th>
          </tr>
          <tr>
            <td>illegalPkgs</td>
            <td>packages to reject</td>
            <td><a href="property_types.html#stringSet">list of strings</a></td>
            <td><code>sun</code></td>
          </tr>
        </table>
      </subsection>

      <subsection name="Examples">
        <p>
          To configure the check:
        </p>
        <source>
&lt;module name=&quot;IllegalImport&quot;/&gt;
        </source>

        <p>
          To configure the check so that it rejects packages <code>java.io.*</code> and <code>java.sql.*</code>:
        </p>
        <source>
&lt;module name=&quot;IllegalImport&quot;&gt;
    &lt;property name=&quot;illegalPkgs&quot; value=&quot;java.io, java.sql&quot;/&gt;
&lt;/module&gt;
        </source>
      </subsection>

      <subsection name="Example of Usage">
        <ul>
          <li>
            <a href="https://github.com/search?q=path%3Asrc%2Fmain%2Fresources+filename%3Asun_checks.xml+repo%3Acheckstyle%2Fcheckstyle+IllegalImport">
            Sun Style</a>
          </li>
          <li>
            <a href="https://github.com/search?q=path%3Aconfig+filename%3Acheckstyle_checks.xml+repo%3Acheckstyle%2Fcheckstyle+IllegalImport">
            Checkstyle Style</a>
          </li>
        </ul>
      </subsection>

      <subsection name="Error Messages">
        <ul>
          <li>
            <a href="https://github.com/search?q=path%3Asrc%2Fmain%2Fresources%2Fcom%2Fpuppycrawl%2Ftools%2Fcheckstyle%2Fchecks%2Fimports+filename%3Amessages*.properties+repo%3Acheckstyle%2Fcheckstyle+%22import.illegal%22">
            import.illegal</a>
          </li>
        </ul>
        <p>
          All messages can be customized if the default message doesn't suite you.
          Please <a href="config.html#Custom_messages">see the documentation</a> to learn how to.
        </p>
      </subsection>

      <subsection name="Package">
        <p>
          com.puppycrawl.tools.checkstyle.checks.imports
        </p>
      </subsection>

      <subsection name="Parent Module">
        <p>
          <a href="config.html#TreeWalker">TreeWalker</a>
        </p>
      </subsection>
    </section>

    <section name="ImportControl">
      <subsection name="Description">
        <p>
          Controls what can be imported in each package. Useful for
          ensuring that application layering rules are not violated,
          especially on large projects.
        </p>

        <p>
          The DTD for a import control XML document is at <a
          href="http://www.puppycrawl.com/dtds/import_control_1_1.dtd">
          http://www.puppycrawl.com/dtds/import_control_1_1.dtd</a>. It
          contains documentation on each of the elements and attributes.
        </p>

        <p>
          The check validates a XML document when it loads the document.
          To validate against the above DTD, include the following
          document type declaration in your XML document:
        </p>

        <pre>
&lt;!DOCTYPE import-control PUBLIC
    &quot;-//Puppy Crawl//DTD Import Control 1.1//EN&quot;
    &quot;http://www.puppycrawl.com/dtds/import_control_1_1.dtd&quot;&gt;
        </pre>
      </subsection>

      <subsection name="Properties">
        <table>
          <tr>
            <th>name</th>
            <th>description</th>
            <th>type</th>
            <th>default value</th>
          </tr>
          <tr>
            <td>file</td>
            <td>
              name of the file containing the import control configuration.
            </td>
            <td><a href="property_types.html#string">string</a></td>
            <td><code>null</code></td>
          </tr>
          <tr>
            <td>url</td>
            <td>
              URL of the file containing the import control configuration.
            </td>
            <td><a href="property_types.html#string">string</a></td>
            <td><code>null</code></td>
          </tr>
        </table>
      </subsection>

      <subsection name="Examples">
        <p>
          To configure the check using a import control file called
          &quot;config/import-control.xml&quot;, then have the following:
        </p>

        <source>
&lt;module name=&quot;ImportControl&quot;&gt;
    &lt;property name=&quot;file&quot; value=&quot;config/import-control.xml&quot;/&gt;
&lt;/module&gt;
        </source>

        <p>
          In the example below, all classes beginning with an I in the package
          java.awt are allowed. In the package java.io only the classes File
          and InputStream are allowed.
        </p>

        <source>
&lt;import-control pkg=&quot;com.puppycrawl.tools.checkstyle&quot;&gt;
    &lt;allow class=&quot;java\.awt\.I.*&quot; regex=&quot;true&quot;/&gt;
    &lt;allow class=&quot;java\.io\.(File|InputStream)&quot; local-only=&quot;true&quot;
        regex=&quot;true&quot;/&gt;
&lt;/import-control&gt;
        </source>

        <p>
          For an example import control file, look at the file called <a
          href="https://github.com/checkstyle/checkstyle/blob/master/config/import-control.xml">
          import-control.xml</a>
          which is part of the Checkstyle distribution.
        </p>
      </subsection>

      <subsection name="Example of Usage">
        <ul>
          <li>
            <a href="https://github.com/search?q=path%3Aconfig+filename%3Acheckstyle_checks.xml+repo%3Acheckstyle%2Fcheckstyle+ImportControl">
            Checkstyle Style</a>
          </li>
        </ul>
      </subsection>

      <subsection name="Error Messages">
        <ul>
          <li>
            <a href="https://github.com/search?q=path%3Asrc%2Fmain%2Fresources%2Fcom%2Fpuppycrawl%2Ftools%2Fcheckstyle%2Fchecks%2Fimports+filename%3Amessages*.properties+repo%3Acheckstyle%2Fcheckstyle+%22import.control.disallowed%22">
            import.control.disallowed</a>
          </li>
          <li>
            <a href="https://github.com/search?q=path%3Asrc%2Fmain%2Fresources%2Fcom%2Fpuppycrawl%2Ftools%2Fcheckstyle%2Fchecks%2Fimports+filename%3Amessages*.properties+repo%3Acheckstyle%2Fcheckstyle+%22import.control.missing.file%22">
            import.control.missing.file</a>
          </li>
          <li>
            <a href="https://github.com/search?q=path%3Asrc%2Fmain%2Fresources%2Fcom%2Fpuppycrawl%2Ftools%2Fcheckstyle%2Fchecks%2Fimports+filename%3Amessages*.properties+repo%3Acheckstyle%2Fcheckstyle+%22import.control.unknown.pkg%22">
            import.control.unknown.pkg</a>
          </li>
        </ul>
        <p>
          All messages can be customized if the default message doesn't suite you.
          Please <a href="config.html#Custom_messages">see the documentation</a> to learn how to.
        </p>
      </subsection>

      <subsection name="Package">
        <p>
          com.puppycrawl.tools.checkstyle.checks.imports
        </p>
      </subsection>

      <subsection name="Parent Module">
        <p>
          <a href="config.html#TreeWalker">TreeWalker</a>
        </p>
      </subsection>
    </section>

    <section name="ImportOrder">
      <subsection name="Description">
        <p>Checks the ordering/grouping of imports. Features are:</p>
        <ul>
          <li>groups imports: ensures that groups of imports come in a
          specific order (e.g., java. comes first, javax. comes second,
          then everything else)</li>
          <li>adds a separation between groups : ensures that a blank
          line sit between each group</li>
          <li>sorts imports inside each group: ensures that imports
          within each group are in lexicographic order</li>
          <li>sorts according to case: ensures that the comparison
          between imports is case sensitive, in
          <a href="https://en.wikipedia.org/wiki/ASCII#Order">ASCII sort order</a></li>
          <li>groups static imports: ensures the relative order between
          regular imports and static imports (see
          <a href="property_types.html#importOrder">import orders</a>)</li>
         </ul>
        <p>
        <a href="#ImportOrder_Example">Examples section</a> contains examples that
          work with default formatter configurations of Eclipse, IntelliJ IDEA and NetBeans
        </p>
      </subsection>

      <subsection name="Properties">
        <table>
          <tr>
            <th>name</th>
            <th>description</th>
            <th>type</th>
            <th>default value</th>
          </tr>
          <tr>
            <td>option</td>
            <td>policy on the relative order between regular imports and static imports</td>
            <td><a href="property_types.html#importOrder">import order</a></td>
            <td><code>under</code></td>
          </tr>
          <tr>
            <td>groups</td>
            <td>
              list of imports groups (every group identified either by a
              common prefix string, or by a regular expression enclosed
              in forward slashes (e.g. <code>/regexp/</code>)
            </td>
            <td><a href="property_types.html#stringSet">list of strings</a></td>
            <td><code>empty list</code></td>
          </tr>
          <tr>
            <td>ordered</td>
            <td>whether imports within group should be sorted</td>
            <td><a href="property_types.html#boolean">Boolean</a></td>
            <td>true</td>
          </tr>
          <tr>
            <td>separated</td>
            <td>
              whether imports groups should be separated by, at least, one
              blank line
            </td>
            <td><a href="property_types.html#boolean">Boolean</a></td>
            <td>false</td>
          </tr>
          <tr>
            <td>caseSensitive</td>
            <td>whether string comparison should be case sensitive or not.
              Case sensitive sorting is in
              <a href="https://en.wikipedia.org/wiki/ASCII#Order">ASCII sort order</a>
            </td>
            <td><a href="property_types.html#boolean">Boolean</a></td>
            <td>true</td>
          </tr>
          <tr>
            <td>sortStaticImportsAlphabetically</td>
            <td>whether static imports grouped by <b>top</b> or <b>bottom</b> option
            are sorted alphabetically or not</td>
            <td><a href="property_types.html#boolean">Boolean</a></td>
            <td>false</td>
          </tr>

          <tr>
            <td>tokens</td>
            <td>tokens to check</td>

            <td>
              subset of tokens
              <a href="apidocs/com/puppycrawl/tools/checkstyle/api/TokenTypes.html#STATIC_IMPORT">STATIC_IMPORT</a>.
            </td>

            <td>
              <a href="apidocs/com/puppycrawl/tools/checkstyle/api/TokenTypes.html#STATIC_IMPORT">STATIC_IMPORT</a>.
            </td>
          </tr>
        </table>
      </subsection>

      <subsection name="Examples" id="ImportOrder_Example">
        <p>To configure the check so that it matches default Eclipse formatter configuration
           (tested on Kepler and Luna releases):</p>
        <ul>
          <li>group of static imports is on the top</li>
          <li>groups of non-static imports: &quot;java&quot; and &quot;javax&quot; packages first,
              then &quot;org&quot; and then all other imports</li>
          <li>imports will be sorted in the groups</li>
          <li>groups are separated by, at least, one blank line</li>
        </ul>
        <p>Notes:</p>
        <ul>
          <li>&quot;com&quot; package is not mentioned on configuration, because it is
              ignored by Eclipse Kepler and Luna (looks like Eclipse defect)</li>
          <li>configuration below doesn't work in all 100% cases due to inconsistent behavior
              prior to Mars release, but covers most scenarios</li>
        </ul>

        <source>
&lt;module name=&quot;ImportOrder&quot;&gt;
    &lt;property name=&quot;groups&quot; value=&quot;/^javax?\./,org&quot;/&gt;
    &lt;property name=&quot;ordered&quot; value=&quot;true&quot;/&gt;
    &lt;property name=&quot;separated&quot; value=&quot;true&quot;/&gt;
    &lt;property name=&quot;option&quot; value=&quot;above&quot;/&gt;
    &lt;property name=&quot;sortStaticImportsAlphabetically&quot; value=&quot;true&quot;/&gt;
&lt;/module&gt;
        </source>

        <p>To configure the check so that it matches default Eclipse formatter
           configuration (tested on Mars release):</p>
        <ul>
          <li>group of static imports is on the top</li>
          <li>groups of non-static imports: &quot;java&quot; and &quot;javax&quot; packages first,
              then &quot;org&quot; and &quot;com&quot;, then all other imports as one group</li>
          <li>imports will be sorted in the groups</li>
          <li>groups are separated by, at least, one blank line</li>
        </ul>

        <source>
&lt;module name=&quot;ImportOrder&quot;&gt;
    &lt;property name=&quot;groups&quot; value=&quot;/^javax?\./,org,com&quot;/&gt;
    &lt;property name=&quot;ordered&quot; value=&quot;true&quot;/&gt;
    &lt;property name=&quot;separated&quot; value=&quot;true&quot;/&gt;
    &lt;property name=&quot;option&quot; value=&quot;above&quot;/&gt;
    &lt;property name=&quot;sortStaticImportsAlphabetically&quot; value=&quot;true&quot;/&gt;
&lt;/module&gt;
        </source>

        <p>To configure the check so that it matches default IntelliJ IDEA formatter
           configuration (tested on v14):</p>
        <ul>
          <li>group of static imports is on the bottom</li>
          <li>groups of non-static imports: all imports except of &quot;javax&quot;
              and &quot;java&quot;, then &quot;javax&quot; and &quot;java&quot;</li>
          <li>imports will be sorted in the groups</li>
          <li>groups are separated by, at least, one blank line</li>
        </ul>

        <p>
        Note: &quot;separated&quot; option is disabled because IDEA default has blank line
        between &quot;java&quot; and static imports, and no blank line between
        &quot;javax&quot; and &quot;java&quot;
        </p>

        <source>
&lt;module name=&quot;ImportOrder&quot;&gt;
    &lt;property name=&quot;groups&quot; value=&quot;*,javax,java&quot;/&gt;
    &lt;property name=&quot;ordered&quot; value=&quot;true&quot;/&gt;
    &lt;property name=&quot;separated&quot; value=&quot;false&quot;/&gt;
    &lt;property name=&quot;option&quot; value=&quot;bottom&quot;/&gt;
    &lt;property name=&quot;sortStaticImportsAlphabetically&quot; value=&quot;true&quot;/&gt;
&lt;/module&gt;
        </source>

        <p>To configure the check so that it matches default NetBeans formatter configuration
           (tested on v8):</p>
        <ul>
          <li>groups of non-static imports are not defined, all imports will be sorted as a one
              group</li>
          <li>static imports are not separated, they will be sorted along with other imports</li>
        </ul>

        <source>
&lt;module name=&quot;ImportOrder&quot;&gt;
    &lt;property name=&quot;option&quot; value=&quot;inflow&quot;/&gt;
&lt;/module&gt;
        </source>

        <p>
          To configure the Check allows static imports grouped to the <b>top</b>
          being sorted alphabetically:
        </p>

        <source>
&lt;module name=&quot;ImportOrder&quot;&gt;
    &lt;property name=&quot;sortStaticImportsAlphabetically&quot; value=&quot;true&quot;/&gt;
    &lt;property name=&quot;option&quot; value=&quot;top&quot;/&gt;
&lt;/module&gt;
        </source>

        <source>
import static java.lang.Math.PI;
import static java.lang.Math.abs; // OK, alphabetical case sensitive ASCII order, 'P' &lt; 'a'
import static org.abego.treelayout.Configuration.AlignmentInLevel; // OK, alphabetical order

import org.abego.*;

import java.util.Set; //  Wrong order for 'java.util.Set' import.

public class SomeClass { ... }
        </source>

      </subsection>

      <subsection name="Example of Usage">
        <ul>
          <li>
            <a href="https://github.com/search?q=path%3Aconfig+filename%3Acheckstyle_checks.xml+repo%3Acheckstyle%2Fcheckstyle+ImportOrder">
            Checkstyle Style</a>
          </li>
        </ul>
      </subsection>

      <subsection name="Error Messages">
        <ul>
          <li>
            <a href="https://github.com/search?q=path%3Asrc%2Fmain%2Fresources%2Fcom%2Fpuppycrawl%2Ftools%2Fcheckstyle%2Fchecks%2Fimports+filename%3Amessages*.properties+repo%3Acheckstyle%2Fcheckstyle+%22import.ordering%22">
            import.ordering</a>
          </li>
          <li>
            <a href="https://github.com/search?q=path%3Asrc%2Fmain%2Fresources%2Fcom%2Fpuppycrawl%2Ftools%2Fcheckstyle%2Fchecks%2Fimports+filename%3Amessages*.properties+repo%3Acheckstyle%2Fcheckstyle+%22import.separation%22">
            import.separation</a>
          </li>
        </ul>
        <p>
          All messages can be customized if the default message doesn't suite you.
          Please <a href="config.html#Custom_messages">see the documentation</a> to learn how to.
        </p>
      </subsection>

      <subsection name="Package">
        <p>
          com.puppycrawl.tools.checkstyle.checks.imports
        </p>
      </subsection>

      <subsection name="Parent Module">
        <p>
          <a href="config.html#TreeWalker">TreeWalker</a>
        </p>
      </subsection>
    </section>

    <section name="RedundantImport">
      <subsection name="Description">
        <p>
          Checks for redundant import statements. An import statement is
          considered redundant if:
        </p>

        <ul>
          <li>
            It is a duplicate of another import. This is, when a class is
            imported more than once.
          </li>
          <li>
            The class non-statically imported is from the <code>java.lang</code>
            package, e.g.  importing <code>java.lang.String</code>.
          </li>
          <li>
            The class non-statically imported is from the same package as the current package.
          </li>
        </ul>
      </subsection>

      <subsection name="Examples">
        <p>
          To configure the check:
        </p>
        <source>
&lt;module name=&quot;RedundantImport&quot;/&gt;
        </source>
      </subsection>

      <subsection name="Example of Usage">
        <ul>
          <li>
            <a href="https://github.com/search?q=path%3Asrc%2Fmain%2Fresources+filename%3Asun_checks.xml+repo%3Acheckstyle%2Fcheckstyle+RedundantImport">
            Sun Style</a>
          </li>
          <li>
            <a href="https://github.com/search?q=path%3Aconfig+filename%3Acheckstyle_checks.xml+repo%3Acheckstyle%2Fcheckstyle+RedundantImport">
            Checkstyle Style</a>
          </li>
        </ul>
      </subsection>

      <subsection name="Error Messages">
        <ul>
          <li>
            <a href="https://github.com/search?q=path%3Asrc%2Fmain%2Fresources%2Fcom%2Fpuppycrawl%2Ftools%2Fcheckstyle%2Fchecks%2Fimports+filename%3Amessages*.properties+repo%3Acheckstyle%2Fcheckstyle+%22import.duplicate%22">
            import.duplicate</a>
          </li>
          <li>
            <a href="https://github.com/search?q=path%3Asrc%2Fmain%2Fresources%2Fcom%2Fpuppycrawl%2Ftools%2Fcheckstyle%2Fchecks%2Fimports+filename%3Amessages*.properties+repo%3Acheckstyle%2Fcheckstyle+%22import.lang%22">
            import.lang</a>
          </li>
          <li>
            <a href="https://github.com/search?q=path%3Asrc%2Fmain%2Fresources%2Fcom%2Fpuppycrawl%2Ftools%2Fcheckstyle%2Fchecks%2Fimports+filename%3Amessages*.properties+repo%3Acheckstyle%2Fcheckstyle+%22import.same%22">
            import.same</a>
          </li>
        </ul>
        <p>
          All messages can be customized if the default message doesn't suite you.
          Please <a href="config.html#Custom_messages">see the documentation</a> to learn how to.
        </p>
      </subsection>

      <subsection name="Package">
        <p>
          com.puppycrawl.tools.checkstyle.checks.imports
        </p>
      </subsection>

      <subsection name="Parent Module">
        <p>
          <a href="config.html#TreeWalker">TreeWalker</a>
        </p>
      </subsection>
    </section>

    <section name="UnusedImports">
      <subsection name="Description">
        <p>
          Checks for unused import statements. Checkstyle uses a simple but
          very reliable algorithm to report on unused import statements. An
          import statement is considered unused if:
        </p>

        <ul>
          <li>
            It is not referenced in the file. The algorithm does not support
            wild-card imports like <code>import
            java.io.*;</code>. Most IDE's provide very sophisticated checks
            for imports that handle wild-card imports.
          </li>

          <li>
            It is a duplicate of another import. This is when a class is
            imported more than once.
          </li>

          <li>
            The class imported is from the <code>java.lang</code>
            package. For example importing <code>java.lang.String</code>.
          </li>

          <li>
            The class imported is from the same package.
          </li>
          <li>
            <b>Optionally:</b> it is referenced in Javadoc comments. This check
            is on by default, but it is considered bad practice to introduce
            a compile time dependency for documentation purposes only.
            As an example, the import <code>java.util.Date</code> would be
            considered referenced with the Javadoc comment
            <code>{@link Date}</code>. The alternative to avoid introducing a
            compile time dependency would be to write the Javadoc comment as
            <code>{@link java.util.Date}</code>.
          </li>
        </ul>
        <p>
          The main limitation of this check is handling the case where
          an imported type has the same name as a declaration, such as a
          member variable.
        </p>
        <p>
          For example, in the following case the import <code>java.awt.Component</code> will not be flagged as
          unused:
        </p>
        <source>
import java.awt.Component;
class FooBar {
    private Object Component; // a bad practice in my opinion
    ...
}
        </source>
      </subsection>

      <subsection name="Properties">
        <table>
          <tr>
            <th>name</th>
            <th>description</th>
            <th>type</th>
            <th>default value</th>
          </tr>
          <tr>
            <td>processJavadoc</td>
            <td>whether to process Javadoc</td>
            <td><a href="property_types.html#boolean">boolean</a></td>
            <td><code>true</code></td>
          </tr>
        </table>
      </subsection>

      <subsection name="Examples">
        <p>
          To configure the check:
        </p>
        <source>
&lt;module name=&quot;UnusedImports&quot;/&gt;
        </source>
      </subsection>

      <subsection name="Example of Usage">
        <ul>
          <li>
            <a href="https://github.com/search?q=path%3Asrc%2Fmain%2Fresources+filename%3Asun_checks.xml+repo%3Acheckstyle%2Fcheckstyle+UnusedImports">
            Sun Style</a>
          </li>
          <li>
            <a href="https://github.com/search?q=path%3Aconfig+filename%3Acheckstyle_checks.xml+repo%3Acheckstyle%2Fcheckstyle+UnusedImports">
            Checkstyle Style</a>
          </li>
        </ul>
      </subsection>

      <subsection name="Error Messages">
        <ul>
          <li>
            <a href="https://github.com/search?q=path%3Asrc%2Fmain%2Fresources%2Fcom%2Fpuppycrawl%2Ftools%2Fcheckstyle%2Fchecks%2Fimports+filename%3Amessages*.properties+repo%3Acheckstyle%2Fcheckstyle+%22import.unused%22">
            import.unused</a>
          </li>
        </ul>
        <p>
          All messages can be customized if the default message doesn't suite you.
          Please <a href="config.html#Custom_messages">see the documentation</a> to learn how to.
        </p>
      </subsection>

      <subsection name="Package">
        <p>
          com.puppycrawl.tools.checkstyle.checks.imports
        </p>
      </subsection>

      <subsection name="Parent Module">
        <p>
          <a href="config.html#TreeWalker">TreeWalker</a>
        </p>
      </subsection>
    </section>
  </body>
</document>
