<?xml version="1.0"?>

<!DOCTYPE suppressions PUBLIC
  "-//Checkstyle//DTD SuppressionFilter Configuration 1.1//EN"
  "https://checkstyle.org/dtds/suppressions_1_1.dtd">

<suppressions>

  <!-- intentional problem for testing -->
  <suppress checks="PackageDeclarationCheck"
    files="packagedeclaration[\\/]InputPackageDeclarationNoPackage\.java"/>
  <suppress checks="PackageDeclarationCheck"
    files="packagedeclaration[\\/]InputPackageDeclarationWithCommentOnly\.java"/>
  <suppress checks="PackageDeclarationCheck"
    files="[\\/]resources-noncompilable[\\/].*[\\/]packagedeclaration[\\/]Input.*\.java"/>
  <suppress checks="PackageDeclarationCheck"
    files="[\\/]resources[\\/].*[\\/]singlespaceseparator[\\/]InputSingleSpaceSeparatorEmpty\.java"/>
  <suppress checks="PackageDeclarationCheck"
    files="[\\/]resources[\\/].*[\\/]nocodeinfile[\\/]InputNoCodeInFile1\.java"/>
  <suppress checks="PackageDeclarationCheck"
    files="[\\/]resources[\\/].*[\\/]nocodeinfile[\\/]InputNoCodeInFile2\.java"/>
  <suppress checks="PackageDeclarationCheck"
    files="[\\/]resources[\\/].*[\\/]nocodeinfile[\\/]InputNoCodeInFile3\.java"/>

  <!-- intentional problem for testing -->
  <suppress checks="PackageDeclarationCheck"
    files="InputFinalClassClassWithPrivateCtorWithNestedExtendingClassWithoutPackage\.java"/>

  <!-- intentional problem for testing -->
  <suppress checks="PackageDeclarationCheck"
    files="customimportorder[\\/]InputCustomImportOrderNoPackage\.java"/>
  <suppress checks="PackageDeclarationCheck"
    files="customimportorder[\\/]InputCustomImportOrderNoPackage2\.java"/>
  <suppress checks="PackageDeclarationCheck"
    files="customimportorder[\\/]InputCustomImportOrderNoPackage3\.java"/>
  <suppress checks="PackageDeclarationCheck"
    files="customimportorder[\\/]InputCustomImportOrderDefaultPackage\.java"/>
  <suppress checks="PackageDeclarationCheck"
    files="customimportorder[\\/]InputCustomImportOrderSamePackage\.java"/>
  <suppress checks="PackageDeclarationCheck"
    files="customimportorder[\\/]InputCustomImportOrderSamePackageDepth25\.java"/>

  <!-- intentional problem for testing -->
  <suppress checks="PackageDeclarationCheck"
    files="illegalinstantiation[\\/]InputIllegalInstantiationNoPackage\.java"/>
  <suppress checks="PackageDeclarationCheck"
    files="illegalinstantiation[\\/]InputIllegalInstantiationLang\.java"/>

  <!-- intentional problem for testing -->
  <suppress checks="PackageDeclarationCheck"
    files="redundantimport[\\/]InputRedundantImport_UnnamedPackage\.java"/>

  <!-- intentional problem for testing -->
  <suppress checks="PackageDeclarationCheck"
    files="unusedimports[\\/]InputUnusedImportsFileInUnnamedPackage\.java"/>

  <!-- intentional problem for testing -->
  <suppress checks="PackageDeclarationCheck"
            files="unusedimports[\\/]InputUnusedImportsSingleWordPackage\.java"/>

  <!-- intentional problem for testing -->
  <suppress checks="PackageDeclarationCheck"
    files="linelength[\\/]InputLineLengthLongPackageStatement\.java"/>

  <!-- intentional problem for testing -->
  <suppress checks="OuterTypeFilename"
    files="[\\/]InputOuterType.*\.java"/>
  <suppress checks="OuterTypeFilename"
    files="rule522typenames[\\/]InputTypeName\.java"/>
  <suppress checks="OuterTypeFilename"
    files="outertypefilename[\\/]InputOuterTypeFilename5\.java"/>
  <suppress checks="OuterTypeFilename"
    files="outertypefilename[\\/]InputOuterTypeFilenameNoPublic\.java"/>
  <suppress checks="OuterTypeFilename"
    files="[\\/]package-info\.java"/>
  <suppress checks="OuterTypeFilename"
    files="src[\\/]it[\\/]resources[\\/].*[\\/]SuppressionXpathRegressionOuterTypeFilename.*\.java"/>

  <!-- intentional problem for testing -->
  <suppress checks="RegexpSingleline"
    files="[\\/]InputJavadocContentLocationTrailingSpace\.java"/>
  <suppress checks="RegexpSingleline"
    files="[\\/]InputJavadocParagraphCorrect\.java"/>
  <suppress checks="RegexpSingleline"
    files="[\\/]InputJavadocTagContinuationIndentationGuavaFalsePositive\.java"/>

  <!-- intentional problem for testing -->
  <suppress checks="FileTabCharacter"
    files="[\\/]InputJavadocWithCrAsNewline\.javadoc"/>
  <suppress checks="FileTabCharacter"
    files="[\\/]InputLeadingAsterisksExtended\.javadoc"/>
  <suppress checks="FileTabCharacter"
    files="[\\/]InputListWithUnclosedItemInUnclosedParagraph\.javadoc"/>
  <suppress checks="FileTabCharacter"
    files="[\\/]InputMixedCaseOfHtmlTags\.javadoc"/>
  <suppress checks="FileTabCharacter"
    files="[\\/]InputUnclosedParagraphFollowedByJavadocTag\.javadoc"/>
  <suppress checks="FileTabCharacter"
    files="[\\/]InputFileTabCharacter\.java"/>
  <suppress checks="FileTabCharacter"
    files="[\\/]InputMainGenerateXpathSuppressionsTabWidth\.java"/>
  <suppress checks="FileTabCharacter"
    files="[\\/]InputXpathQueryGeneratorTabWidth\.java"/>
  <suppress checks="FileTabCharacter"
    files="[\\/]InputFileTabCharacterSimple\.java"/>
  <suppress checks="FileTabCharacter"
    files="[\\/]InputIndentationUseTabs\.java"/>
  <suppress checks="FileTabCharacter"
    files="[\\/]InputCheckerTabCharacter\.txt"/>
  <suppress checks="FileTabCharacter"
    files="src[\\/]test[\\/]resources[\\/]com[\\/]puppycrawl[\\/]tools[\\/]checkstyle[\\/]checks[\\/]indentation[\\/]indentation[\\/]Input.*\.java"/>
  <suppress checks="FileTabCharacter"
    files="src[\\/]test[\\/]resources[\\/]com[\\/]puppycrawl[\\/]tools[\\/]checkstyle[\\/]filters[\\/]suppresswithplaintextcommentfilter[\\/]Input.*"/>
  <suppress checks="FileTabCharacter"
    files="[\\/]InputRegressionJavaClass1\.java"/>
  <suppress checks="FileTabCharacter"
    files="[\\/]InputComments2\.java"/>
  <suppress checks="FileTabCharacter"
    files="[\\/]InputMainSuppressionsStringPrinter\.java"/>
  <suppress checks="FileTabCharacter"
    files="[\\/]InputXpathFileGeneratorAstFilter\.java"/>
  <suppress checks="FileTabCharacter"
    files="[\\/]InputNoLineWrapBad\.java"/>
  <suppress checks="FileTabCharacter"
    files="[\\/]InputAstTreeStringPrinterFullOfBlockComments\.java"/>
  <suppress checks="FileTabCharacter"
    files="[\\/]InputAstTreeStringPrinterJavadocPosition\.java"/>
  <suppress checks="FileTabCharacter"
    files="[\\/]InputAstTreeStringPrinterComments\.java"/>
  <suppress checks="FileTabCharacter"
    files="[\\/]InputIllegalInstantiationLang\.java"/>
  <suppress checks="FileTabCharacter"
    files="[\\/]InputMagicNumberAnnotationElement\.java"/>
  <suppress checks="FileTabCharacter"
    files="[\\/]InputInnerTypeLastClass\.java"/>
  <suppress checks="FileTabCharacter"
    files="[\\/]InputJavadocStyle\.java"/>
  <suppress checks="FileTabCharacter"
    files="[\\/]InputJavadocMissingWhitespaceAfterAsteriskValidWithTab\.java"/>
  <suppress checks="FileTabCharacter"
    files="[\\/]InputAbbreviationAsWordInNameOverridableMethod\.java"/>
  <suppress checks="FileTabCharacter"
    files="[\\/]InputAbbreviationAsWordInNameType\.java"/>
  <suppress checks="FileTabCharacter"
    files="[\\/]InputLineLengthSimple\.java"/>
  <suppress checks="FileTabCharacter"
    files="[\\/]InputTodoCommentSimple\.java"/>
  <suppress checks="FileTabCharacter"
    files="[\\/]InputWhitespaceAroundSimple\.java"/>
  <suppress checks="FileTabCharacter"
    files="[\\/]InputWhitespaceAroundEmptyTypesAndCycles\.java"/>
  <suppress checks="FileTabCharacter"
    files="[\\/]InputWhitespaceAfterDefaultConfig\.java"/>
  <suppress checks="FileTabCharacter"
    files="[\\/]InputSingleSpaceSeparatorComments\.java"/>
  <suppress checks="FileTabCharacter"
    files="[\\/]InputSingleSpaceSeparatorErrors\.java"/>
  <suppress checks="FileTabCharacter"
    files="[\\/]InputParenPadWhitespace\.java"/>

</suppressions>
